Date,City,MobilityZone,DayType,BusPassengers,BikeTrips,ParkingOccupancy,TrafficCount,TransportStrainIndex,EventZone,EventType,EventName,Attendance,VenueCapacity,IsHoliday,WeekendFlag,PT_Preference_Score
2025-01-01,Kozani,University,Weekday,3910.0,305.0,68.4,15938.0,24.56,University,Cultural,January Cultural,793.0,1111.0,1,0,26.44
2025-01-02,Kozani,Center,Weekday,4926.0,231.0,68.2,18385.0,28.27,No Event,No Event,No Event,0.0,0.0,0,0,28.05
2025-01-03,Kozani,Center,Weekday,5119.0,246.0,74.5,18816.0,29.49,No Event,No Event,No Event,0.0,0.0,0,0,28.51
2025-01-04,Kozani,Waterfront,Weekend,4166.5,238.0,61.6,14150.0,22.16,No Event,No Event,No Event,0.0,0.0,0,1,31.13
2025-01-05,Kozani,University,Weekend,3872.0,252.0,67.0,14335.0,23.19,No Event,No Event,No Event,0.0,0.0,0,1,28.77
2025-01-06,Kozani,University,Weekday,3730.0,268.0,52.5,14703.0,21.51,No Event,No Event,No Event,0.0,0.0,1,0,27.19
2025-01-07,Kozani,University,Weekday,4974.0,261.0,61.0,19650.0,28.42,No Event,No Event,No Event,0.0,0.0,0,0,26.64
2025-01-08,Kozani,Waterfront,Weekday,4987.0,274.0,70.4,19112.0,28.95,No Event,No Event,No Event,0.0,0.0,0,0,27.53
2025-01-09,Kozani,Center,Weekday,5068.0,291.0,64.7,19130.0,28.17,No Event,No Event,No Event,0.0,0.0,0,0,28.01
2025-01-10,Kozani,West District,Weekday,4735.0,257.0,70.4,19304.0,27.81,No Event,No Event,No Event,0.0,0.0,0,0,25.86
2025-01-11,Kozani,University,Weekend,3373.0,244.0,67.2,15034.0,23.64,No Event,No Event,No Event,0.0,0.0,0,1,24.06
2025-01-12,Kozani,Center,Weekend,3770.0,242.0,68.9,14458.0,23.57,No Event,No Event,No Event,0.0,0.0,0,1,27.75
2025-01-13,Kozani,West District,Weekday,4731.0,266.0,64.6,18990.0,28.01,No Event,No Event,No Event,0.0,0.0,0,0,26.31
2025-01-14,Kozani,University,Weekday,4686.0,283.0,73.0,18076.0,27.96,No Event,No Event,No Event,0.0,0.0,0,0,27.49
2025-01-15,Kozani,Waterfront,Weekday,4984.0,266.0,71.1,19002.0,29.0,No Event,No Event,No Event,0.0,0.0,0,0,27.63
2025-01-16,Kozani,West District,Weekday,4716.0,282.0,80.2,18806.0,29.62,No Event,No Event,No Event,0.0,0.0,0,0,26.58
2025-01-17,Kozani,Waterfront,Weekday,5049.0,293.0,67.5,19202.0,28.57,No Event,No Event,No Event,0.0,0.0,0,0,27.82
2025-01-18,Kozani,West District,Weekend,3625.0,269.0,75.4,14075.0,23.68,No Event,No Event,No Event,0.0,0.0,0,1,27.66
2025-01-19,Kozani,Center,Weekend,3727.0,269.0,73.3,15399.0,24.81,Center,Cultural,January Cultural,669.0,981.0,0,1,25.95
2025-01-20,Kozani,West District,Weekday,5088.0,272.0,74.8,19759.0,30.24,No Event,No Event,No Event,0.0,0.0,0,0,27.13
2025-01-21,Kozani,University,Weekday,5075.0,282.0,62.9,19913.0,28.81,No Event,No Event,No Event,0.0,0.0,0,0,26.9
2025-01-22,Kozani,Center,Weekday,5033.0,295.0,70.5,19178.0,28.89,No Event,No Event,No Event,0.0,0.0,0,0,27.78
2025-01-23,Kozani,Center,Weekday,4958.0,290.0,65.7,19299.0,28.4,No Event,No Event,No Event,0.0,0.0,0,0,27.19
2025-01-24,Kozani,Center,Weekday,5276.0,334.0,62.6,18847.0,27.41,No Event,No Event,No Event,0.0,0.0,0,0,29.76
2025-01-25,Kozani,Center,Weekend,3533.0,286.0,64.7,13621.0,21.68,No Event,No Event,No Event,0.0,0.0,0,1,28.04
2025-01-26,Kozani,West District,Weekend,4166.5,326.0,74.9,14432.0,23.62,No Event,No Event,No Event,0.0,0.0,0,1,31.13
2025-01-27,Kozani,Center,Weekday,4977.0,287.0,67.3,18126.0,27.47,No Event,No Event,No Event,0.0,0.0,0,0,29.04
2025-01-28,Kozani,West District,Weekday,5026.0,277.0,71.8,19335.0,29.36,No Event,No Event,No Event,0.0,0.0,0,0,27.43
2025-01-29,Kozani,Center,Weekday,4817.0,314.0,72.6,19720.0,29.39,No Event,No Event,No Event,0.0,0.0,0,0,26.02
2025-01-30,Kozani,Center,Weekday,4674.0,306.0,65.4,19844.0,28.58,No Event,No Event,No Event,0.0,0.0,0,0,25.09
2025-01-31,Kozani,West District,Weekday,5226.0,334.0,71.7,18348.0,28.01,No Event,No Event,No Event,0.0,0.0,0,0,30.3
2025-02-01,Kozani,West District,Weekend,3916.0,334.0,69.7,14885.0,23.43,West District,Market,February Market,1309.0,1772.0,0,1,28.55
2025-02-02,Kozani,Center,Weekend,3558.0,313.0,76.8,14749.0,24.11,Center,Sports,February Sports,0.0,1615.0,0,1,26.24
2025-02-03,Kozani,Waterfront,Weekday,4819.0,319.0,61.8,20275.0,28.56,No Event,No Event,No Event,0.0,0.0,0,0,25.34
2025-02-04,Kozani,Waterfront,Weekday,4908.0,313.0,71.6,19607.0,29.21,No Event,No Event,No Event,0.0,0.0,0,0,26.63
2025-02-05,Kozani,Waterfront,Weekday,4985.0,306.0,70.5,18700.0,28.29,No Event,No Event,No Event,0.0,0.0,0,0,28.29
2025-02-06,Kozani,West District,Weekday,4975.0,306.0,70.4,20296.0,29.86,No Event,No Event,No Event,0.0,0.0,0,0,26.02
2025-02-07,Kozani,University,Weekday,4699.0,276.0,65.5,18262.0,27.28,No Event,No Event,No Event,0.0,0.0,0,0,27.24
2025-02-08,Kozani,Waterfront,Weekend,3363.0,326.0,69.0,14416.0,22.57,No Event,No Event,No Event,0.0,0.0,0,1,25.59
2025-02-09,Kozani,Waterfront,Weekend,3738.0,324.0,69.7,15755.0,24.26,Waterfront,Market,February Market,939.0,1599.0,0,1,25.78
2025-02-10,Kozani,Center,Weekday,5081.0,326.0,66.9,20144.0,29.18,No Event,No Event,No Event,0.0,0.0,0,0,26.84
2025-02-11,Kozani,West District,Weekday,4868.0,333.0,63.5,19397.0,27.8,No Event,No Event,No Event,0.0,0.0,0,0,26.81
2025-02-12,Kozani,Center,Weekday,4743.0,333.0,70.0,19776.0,28.91,No Event,No Event,No Event,0.0,0.0,0,0,25.67
2025-02-13,Kozani,West District,Weekday,4843.0,343.0,74.7,19374.0,29.08,No Event,No Event,No Event,0.0,0.0,0,0,26.77
2025-02-14,Kozani,University,Weekday,4589.0,280.0,66.2,19638.0,28.64,No Event,No Event,No Event,0.0,0.0,0,0,24.79
2025-02-15,Kozani,University,Weekend,3450.0,336.0,81.4,14547.0,24.23,No Event,No Event,No Event,0.0,0.0,0,1,26.02
2025-02-16,Kozani,University,Weekend,3406.0,268.0,78.0,13800.0,23.59,No Event,No Event,No Event,0.0,0.0,0,1,26.62
2025-02-17,Kozani,Center,Weekday,4990.0,324.0,71.3,19185.0,28.72,No Event,No Event,No Event,0.0,0.0,0,0,27.7
2025-02-18,Kozani,University,Weekday,4719.0,270.0,62.1,19903.0,28.24,No Event,No Event,No Event,0.0,0.0,0,0,25.07
2025-02-19,Kozani,Waterfront,Weekday,4796.0,322.0,77.5,18738.0,28.94,No Event,No Event,No Event,0.0,0.0,0,0,27.31
2025-02-20,Kozani,University,Weekday,4776.0,295.0,68.3,19521.0,28.79,No Event,No Event,No Event,0.0,0.0,0,0,25.98
2025-02-21,Kozani,Center,Weekday,5063.0,361.0,70.2,19735.0,28.89,No Event,No Event,No Event,0.0,0.0,0,0,27.48
2025-02-22,Kozani,West District,Weekend,3364.0,300.0,73.8,14278.0,23.24,No Event,No Event,No Event,0.0,0.0,0,1,25.66
2025-02-23,Kozani,Waterfront,Weekend,3503.0,305.0,68.1,14441.0,22.74,No Event,No Event,No Event,0.0,0.0,0,1,26.37
2025-02-24,Kozani,Center,Weekday,4871.0,343.0,63.3,19120.0,27.42,No Event,No Event,No Event,0.0,0.0,0,0,27.27
2025-02-25,Kozani,Waterfront,Weekday,4712.0,332.0,72.1,19681.0,29.07,No Event,No Event,No Event,0.0,0.0,0,0,25.63
2025-02-26,Kozani,University,Weekday,4915.0,319.0,73.9,20216.0,30.07,University,Cultural,February Cultural,968.0,1307.0,0,0,25.89
2025-02-27,Kozani,Center,Weekday,4638.0,333.0,69.5,20065.0,29.07,No Event,No Event,No Event,0.0,0.0,0,0,24.77
2025-02-28,Kozani,Center,Weekday,5189.0,387.0,80.8,21452.0,31.78,Center,Sports,February Sports,2894.0,3852.0,0,0,25.99
2025-03-01,Kozani,University,Weekend,3456.0,355.0,70.4,15037.0,23.18,No Event,No Event,No Event,0.0,0.0,0,1,25.34
2025-03-02,Kozani,Waterfront,Weekend,3566.0,340.0,71.7,13891.0,22.39,Waterfront,Market,March Market,550.0,802.0,0,1,28.12
2025-03-03,Kozani,West District,Weekday,3715.0,360.0,68.6,16007.0,24.05,West District,Conference,March Conference,668.0,0.0,1,0,25.46
2025-03-04,Kozani,West District,Weekday,4736.0,372.0,77.6,19096.0,28.85,No Event,No Event,No Event,0.0,0.0,0,0,26.75
2025-03-05,Kozani,Center,Weekday,4765.0,320.0,70.4,20343.0,29.66,No Event,No Event,No Event,0.0,0.0,0,0,25.0
2025-03-06,Kozani,Center,Weekday,4872.0,342.0,66.5,19575.0,28.28,No Event,No Event,No Event,0.0,0.0,0,0,26.63
2025-03-07,Kozani,Center,Weekday,4607.0,365.0,60.7,19957.0,27.58,No Event,No Event,No Event,0.0,0.0,0,0,24.91
2025-03-08,Kozani,Center,Weekend,3802.0,351.0,73.7,15695.0,24.51,Center,Sports,March Sports,771.0,1272.0,0,1,26.46
2025-03-09,Kozani,Waterfront,Weekend,3642.0,343.0,63.8,14033.0,21.57,No Event,No Event,No Event,0.0,0.0,0,1,28.4
2025-03-10,Kozani,Waterfront,Weekday,4984.0,358.0,67.1,19941.0,28.66,No Event,No Event,No Event,0.0,0.0,0,0,26.79
2025-03-11,Kozani,Center,Weekday,5265.0,345.0,67.3,19237.0,28.29,No Event,No Event,No Event,0.0,0.0,0,0,29.16
2025-03-12,Kozani,University,Weekday,4857.0,394.0,70.0,19578.0,28.29,No Event,No Event,No Event,0.0,0.0,0,0,26.82
2025-03-13,Kozani,Center,Weekday,4992.0,270.0,71.5,19606.0,29.03,Center,Sports,March Sports,1313.0,2014.0,0,0,26.84
2025-03-14,Kozani,Center,Weekday,4788.0,351.0,70.4,19667.0,27.98,No Event,No Event,No Event,0.0,0.0,0,0,26.13
2025-03-15,Kozani,Center,Weekend,4076.0,385.0,85.2,18072.0,28.23,Center,Concert,March Concert,3514.0,4102.0,0,1,24.68
2025-03-16,Kozani,University,Weekend,3539.0,319.0,66.2,13268.0,21.25,No Event,No Event,No Event,0.0,0.0,0,1,29.08
2025-03-17,Kozani,Waterfront,Weekday,4577.0,344.0,71.6,20514.0,29.65,No Event,No Event,No Event,0.0,0.0,0,0,23.99
2025-03-18,Kozani,Waterfront,Weekday,4919.0,364.0,71.5,20225.0,29.41,Waterfront,Conference,March Conference,292.0,370.0,0,0,26.12
2025-03-19,Kozani,University,Weekday,4630.0,354.0,72.4,19754.0,28.94,No Event,No Event,No Event,0.0,0.0,0,0,25.23
2025-03-20,Kozani,Waterfront,Weekday,4561.0,360.0,71.5,20136.0,29.12,No Event,No Event,No Event,0.0,0.0,0,0,24.44
2025-03-21,Kozani,Center,Weekday,4960.0,415.0,71.0,20202.0,28.93,Center,Conference,March Conference,268.0,357.0,0,0,26.6
2025-03-22,Kozani,West District,Weekend,3382.0,344.0,73.9,13579.0,22.2,No Event,No Event,No Event,0.0,0.0,0,1,27.44
2025-03-23,Kozani,West District,Weekend,3139.0,353.0,68.4,14191.0,21.89,No Event,No Event,No Event,0.0,0.0,0,1,24.61
2025-03-24,Kozani,Center,Weekday,4895.0,270.0,68.2,18727.0,27.51,No Event,No Event,No Event,0.0,0.0,0,0,27.58
2025-03-25,Kozani,Center,Weekday,4764.0,343.0,80.8,19002.0,29.42,No Event,No Event,No Event,0.0,0.0,0,0,26.87
2025-03-26,Kozani,University,Weekday,4596.0,315.0,70.3,19066.0,28.29,No Event,No Event,No Event,0.0,0.0,0,0,25.76
2025-03-27,Kozani,West District,Weekday,4686.0,360.0,75.1,20228.0,29.74,West District,Cultural,March Cultural,1048.0,1396.0,0,0,24.94
2025-03-28,Kozani,Waterfront,Weekday,4519.0,343.0,73.8,18135.0,27.51,No Event,No Event,No Event,0.0,0.0,0,0,26.81
2025-03-29,Kozani,Center,Weekend,3792.0,391.0,80.5,16020.0,25.35,Center,Sports,March Sports,2663.0,3511.0,0,1,26.11
2025-03-30,Kozani,Waterfront,Weekend,3369.0,357.0,71.1,15649.0,23.81,Waterfront,Market,March Market,1453.0,1868.0,0,1,23.81
2025-03-31,Kozani,University,Weekday,4529.0,270.0,64.7,19047.0,27.07,No Event,No Event,No Event,0.0,0.0,0,0,25.19
2025-04-01,Kozani,University,Weekday,4981.0,359.0,67.0,19835.0,28.54,University,Market,April Market,744.0,1003.0,0,0,26.92
2025-04-02,Kozani,Waterfront,Weekday,4610.0,341.0,62.1,19783.0,27.78,No Event,No Event,No Event,0.0,0.0,0,0,25.03
2025-04-03,Kozani,Waterfront,Weekday,4376.0,385.0,69.5,19662.0,28.05,No Event,No Event,No Event,0.0,0.0,0,0,24.21
2025-04-04,Kozani,Center,Weekday,4779.0,376.0,69.1,20959.0,29.65,No Event,No Event,No Event,0.0,0.0,0,0,24.59
2025-04-05,Kozani,Waterfront,Weekend,3315.0,309.0,73.3,14684.0,23.47,No Event,No Event,No Event,0.0,0.0,0,1,24.68
2025-04-06,Kozani,University,Weekend,3845.0,297.0,59.8,14526.0,22.09,No Event,No Event,No Event,0.0,0.0,0,1,28.51
2025-04-07,Kozani,West District,Weekday,5077.0,375.0,65.6,19362.0,27.82,West District,Market,April Market,331.0,586.0,0,0,28.16
2025-04-08,Kozani,University,Weekday,4573.0,348.0,73.1,19551.0,28.84,No Event,No Event,No Event,0.0,0.0,0,0,25.17
2025-04-09,Kozani,Waterfront,Weekday,4773.0,358.0,68.1,19515.0,28.22,No Event,No Event,No Event,0.0,0.0,0,0,26.29
2025-04-10,Kozani,Center,Weekday,4785.0,382.0,65.6,19291.0,27.5,No Event,No Event,No Event,0.0,0.0,0,0,26.78
2025-04-11,Kozani,Center,Weekday,4799.0,270.0,65.5,20181.0,28.55,No Event,No Event,No Event,0.0,0.0,0,0,25.12
2025-04-12,Kozani,Waterfront,Weekend,3685.0,305.0,71.9,13442.0,22.35,No Event,No Event,No Event,0.0,0.0,0,1,29.68
2025-04-13,Kozani,University,Weekend,3385.0,356.0,70.0,14110.0,22.15,No Event,No Event,No Event,0.0,0.0,0,1,26.51
2025-04-14,Kozani,Center,Weekday,4556.0,353.0,64.8,18899.0,27.1,No Event,No Event,No Event,0.0,0.0,0,0,25.97
2025-04-15,Kozani,Center,Weekday,4518.0,335.0,69.7,19823.0,28.76,No Event,No Event,No Event,0.0,0.0,0,0,24.48
2025-04-16,Kozani,University,Weekday,4608.0,270.0,66.2,18942.0,27.59,No Event,No Event,No Event,0.0,0.0,0,0,25.75
2025-04-17,Kozani,Center,Weekday,4564.0,382.0,68.2,18296.0,26.68,No Event,No Event,No Event,0.0,0.0,0,0,27.03
2025-04-18,Kozani,Center,Weekday,3910.0,341.0,53.3,14895.0,21.32,No Event,No Event,No Event,0.0,0.0,1,0,28.54
2025-04-19,Kozani,Center,Weekend,3368.0,270.0,77.7,12997.0,21.82,Center,Cultural,April Cultural,0.0,855.0,0,1,27.99
2025-04-20,Kozani,University,Weekend,3044.0,349.0,68.5,14633.0,22.32,No Event,No Event,No Event,0.0,0.0,0,1,23.19
2025-04-21,Kozani,Center,Weekday,4911.0,319.0,73.7,19526.0,29.35,No Event,No Event,No Event,0.0,0.0,0,0,26.78
2025-04-22,Kozani,Waterfront,Weekday,4555.0,408.0,72.4,18996.0,27.69,No Event,No Event,No Event,0.0,0.0,0,0,26.13
2025-04-23,Kozani,University,Weekday,4726.0,334.0,70.4,19407.0,28.78,No Event,No Event,No Event,0.0,0.0,0,0,26.07
2025-04-24,Kozani,Center,Weekday,4301.0,334.0,65.5,18804.0,27.07,No Event,No Event,No Event,0.0,0.0,0,0,24.65
2025-04-25,Kozani,West District,Weekday,4565.0,352.0,67.2,19930.0,28.45,No Event,No Event,No Event,0.0,0.0,0,0,24.67
2025-04-26,Kozani,Waterfront,Weekend,3628.0,384.0,81.2,13825.0,23.2,Waterfront,Market,April Market,1319.0,1794.0,0,1,29.02
2025-04-27,Kozani,Center,Weekend,3087.0,324.0,72.7,13031.0,21.47,No Event,No Event,No Event,0.0,0.0,0,1,26.17
2025-04-28,Kozani,University,Weekday,4652.0,319.0,74.6,18906.0,28.67,No Event,No Event,No Event,0.0,0.0,0,0,26.29
2025-04-29,Kozani,Center,Weekday,4358.0,385.0,69.6,19670.0,28.07,No Event,No Event,No Event,0.0,0.0,0,0,24.11
2025-04-30,Kozani,University,Weekday,4695.0,337.0,70.5,19516.0,28.65,No Event,No Event,No Event,0.0,0.0,0,0,25.78
2025-05-01,Kozani,West District,Weekday,3729.0,366.0,55.7,15205.0,21.61,No Event,No Event,No Event,0.0,0.0,1,0,26.93
2025-05-02,Kozani,University,Weekday,4603.0,341.0,76.7,19669.0,29.49,University,Conference,May Conference,312.0,501.0,0,0,25.13
2025-05-03,Kozani,Center,Weekend,3182.0,313.0,68.0,13494.0,21.51,No Event,No Event,No Event,0.0,0.0,0,1,25.9
2025-05-04,Kozani,West District,Weekend,3611.0,279.0,73.4,15345.0,24.61,West District,Concert,May Concert,0.0,2207.0,0,1,25.35
2025-05-05,Kozani,University,Weekday,4626.0,399.0,71.1,20306.0,28.94,University,Sports,May Sports,1751.0,2633.0,0,0,24.75
2025-05-06,Kozani,Center,Weekday,4473.0,326.0,74.7,17576.0,27.18,No Event,No Event,No Event,0.0,0.0,0,0,27.3
2025-05-07,Kozani,University,Weekday,4491.0,330.0,68.5,18644.0,27.45,No Event,No Event,No Event,0.0,0.0,0,0,25.86
2025-05-08,Kozani,West District,Weekday,4500.0,372.0,71.4,18203.0,27.02,No Event,No Event,No Event,0.0,0.0,0,0,26.76
2025-05-09,Kozani,Center,Weekday,4407.0,344.0,59.1,18322.0,25.78,No Event,No Event,No Event,0.0,0.0,0,0,25.93
2025-05-10,Kozani,Center,Weekend,3345.0,365.0,66.8,13168.0,20.7,No Event,No Event,No Event,0.0,0.0,0,1,28.17
2025-05-11,Kozani,University,Weekend,3159.0,290.0,66.2,13873.0,21.83,No Event,No Event,No Event,0.0,0.0,0,1,24.86
2025-05-12,Kozani,Waterfront,Weekday,4677.0,347.0,71.4,17779.0,26.94,No Event,No Event,No Event,0.0,0.0,0,0,28.26
2025-05-13,Kozani,Center,Weekday,4379.0,324.0,69.7,17722.0,26.66,No Event,No Event,No Event,0.0,0.0,0,0,26.54
2025-05-14,Kozani,West District,Weekday,4355.0,334.0,63.9,18516.0,26.62,No Event,No Event,No Event,0.0,0.0,0,0,25.32
2025-05-15,Kozani,Center,Weekday,4832.0,324.0,72.2,18683.0,28.23,No Event,No Event,No Event,0.0,0.0,0,0,27.6
2025-05-16,Kozani,Center,Weekday,4694.0,303.0,72.4,18267.0,27.92,No Event,No Event,No Event,0.0,0.0,0,0,27.35
2025-05-17,Kozani,West District,Weekend,3785.0,321.0,73.1,13615.0,22.61,West District,Cultural,May Cultural,753.0,1348.0,0,1,30.16
2025-05-18,Kozani,University,Weekend,3271.0,285.0,77.1,14625.0,24.07,No Event,No Event,No Event,0.0,0.0,0,1,24.31
2025-05-19,Kozani,Center,Weekday,5079.0,390.0,74.4,19752.0,29.19,Center,Sports,May Sports,3141.0,3970.0,0,0,27.69
2025-05-20,Kozani,Waterfront,Weekday,4266.0,296.0,67.7,19224.0,28.07,No Event,No Event,No Event,0.0,0.0,0,0,23.73
2025-05-21,Kozani,Center,Weekday,4428.0,359.0,67.1,18033.0,26.37,No Event,No Event,No Event,0.0,0.0,0,0,26.54
2025-05-22,Kozani,Center,Weekday,4439.0,317.0,73.2,18493.0,27.96,No Event,No Event,No Event,0.0,0.0,0,0,25.72
2025-05-23,Kozani,Center,Weekday,4964.0,353.0,65.2,18736.0,27.26,No Event,No Event,No Event,0.0,0.0,0,0,28.38
2025-05-24,Kozani,Center,Weekend,3599.0,338.0,78.1,14988.0,24.34,Center,Concert,May Concert,3245.0,4007.0,0,1,26.27
2025-05-25,Kozani,West District,Weekend,3267.0,338.0,75.2,13597.0,22.36,West District,Cultural,May Cultural,498.0,837.0,0,1,26.51
2025-05-26,Kozani,Center,Weekday,4173.0,341.0,71.4,17859.0,26.72,No Event,No Event,No Event,0.0,0.0,0,0,25.27
2025-05-27,Kozani,Center,Weekday,4331.0,295.0,66.0,17948.0,26.63,No Event,No Event,No Event,0.0,0.0,0,0,25.77
2025-05-28,Kozani,Center,Weekday,4451.0,311.0,75.9,18294.0,28.15,No Event,No Event,No Event,0.0,0.0,0,0,26.03
2025-05-29,Kozani,Center,Weekday,4461.0,339.0,73.0,17912.0,27.19,No Event,No Event,No Event,0.0,0.0,0,0,26.8
2025-05-30,Kozani,Center,Weekday,4562.0,326.0,65.1,17683.0,26.15,No Event,No Event,No Event,0.0,0.0,0,0,27.64
2025-05-31,Kozani,West District,Weekend,3238.0,311.0,66.9,12061.0,19.99,No Event,No Event,No Event,0.0,0.0,0,1,29.42
2025-06-01,Kozani,University,Weekend,3151.0,302.0,70.4,13475.0,21.51,No Event,No Event,No Event,0.0,0.0,0,1,25.62
2025-06-02,Kozani,Center,Weekday,4937.0,356.0,79.4,16973.0,27.22,Center,Cultural,June Cultural,813.0,1203.0,0,0,31.18
2025-06-03,Kozani,University,Weekday,4537.0,322.0,70.4,19464.0,28.89,No Event,No Event,No Event,0.0,0.0,0,0,24.96
2025-06-04,Kozani,University,Weekday,4736.0,330.0,65.6,17489.0,26.1,No Event,No Event,No Event,0.0,0.0,0,0,28.97
2025-06-05,Kozani,Center,Weekday,4308.0,272.0,68.4,17033.0,26.19,No Event,No Event,No Event,0.0,0.0,0,0,26.89
2025-06-06,Kozani,University,Weekday,4335.0,270.0,67.8,17638.0,26.39,No Event,No Event,No Event,0.0,0.0,0,0,26.11
2025-06-07,Kozani,University,Weekend,4171.0,342.0,90.6,16862.0,28.12,University,Festival,June Festival,4991.0,7192.0,0,1,26.76
2025-06-08,Kozani,West District,Weekend,4008.0,335.0,84.5,15267.0,25.71,West District,Concert,June Concert,3997.0,4348.0,0,1,28.45
2025-06-09,Kozani,Waterfront,Weekday,4290.0,294.0,68.7,17678.0,26.68,No Event,No Event,No Event,0.0,0.0,0,0,25.93
2025-06-10,Kozani,Waterfront,Weekday,4410.0,270.0,76.5,16608.0,28.78,No Event,No Event,No Event,0.0,0.0,0,0,28.18
2025-06-11,Kozani,Center,Weekday,4596.0,289.0,70.4,17251.0,26.55,No Event,No Event,No Event,0.0,0.0,0,0,28.32
2025-06-12,Kozani,Waterfront,Weekday,4486.0,340.0,81.3,16608.0,28.84,Waterfront,Market,June Market,1710.0,1970.0,0,0,29.06
2025-06-13,Kozani,West District,Weekday,4862.0,332.0,81.5,19716.0,30.38,West District,Sports,June Sports,2947.0,3799.0,0,0,26.34
2025-06-14,Kozani,Center,Weekend,3810.0,362.0,86.6,15583.0,25.92,Center,Festival,June Festival,4305.0,6625.0,0,1,26.77
2025-06-15,Kozani,West District,Weekend,3373.0,270.0,72.5,14845.0,23.62,West District,Concert,June Concert,1895.0,2003.0,0,1,24.54
2025-06-16,Kozani,West District,Weekday,4166.5,292.0,65.5,16914.0,25.45,West District,Conference,June Conference,292.0,0.0,0,0,26.36
2025-06-17,Kozani,Center,Weekday,4392.0,304.0,70.6,17866.0,27.09,Center,Sports,June Sports,2308.0,0.0,0,0,26.28
2025-06-18,Kozani,Center,Weekday,4639.0,269.0,65.7,17213.0,26.27,No Event,No Event,No Event,0.0,0.0,0,0,28.51
2025-06-19,Kozani,Center,Weekday,4563.0,290.0,77.0,16823.0,27.08,No Event,No Event,No Event,0.0,0.0,0,0,28.85
2025-06-20,Kozani,University,Weekday,4434.0,254.0,77.1,16943.0,27.42,No Event,No Event,No Event,0.0,0.0,0,0,27.67
2025-06-21,Kozani,Center,Weekend,3021.0,267.0,82.7,13014.0,23.14,Center,Concert,June Concert,2147.0,2890.0,0,1,25.26
2025-06-22,Kozani,West District,Weekend,3576.0,262.0,72.4,13284.0,22.53,West District,Concert,June Concert,2089.0,2349.0,0,1,28.89
2025-06-23,Kozani,West District,Weekday,4541.0,333.0,79.0,18736.0,28.87,West District,Conference,June Conference,1146.0,1504.0,0,0,26.01
2025-06-24,Kozani,Waterfront,Weekday,4157.0,270.0,69.1,16480.0,25.38,No Event,No Event,No Event,0.0,0.0,0,0,26.86
2025-06-25,Kozani,Waterfront,Weekday,4389.0,261.0,63.1,17072.0,25.71,No Event,No Event,No Event,0.0,0.0,0,0,27.24
2025-06-26,Kozani,University,Weekday,4794.0,295.0,67.7,18664.0,27.87,University,Sports,June Sports,1400.0,1916.0,0,0,27.26
2025-06-27,Kozani,University,Weekday,4066.0,297.0,69.6,15548.0,24.48,University,Conference,June Conference,591.0,956.0,0,0,28.06
2025-06-28,Kozani,Center,Weekend,3478.0,229.0,75.3,12693.0,22.51,No Event,No Event,No Event,0.0,0.0,0,1,29.2
2025-06-29,Kozani,University,Weekend,3189.0,262.0,66.9,12763.0,21.07,No Event,No Event,No Event,0.0,0.0,0,1,27.04
2025-06-30,Kozani,Waterfront,Weekday,4528.0,283.0,73.6,17393.0,27.25,Waterfront,Sports,June Sports,1051.0,1631.0,0,0,27.66
2025-07-01,Kozani,Center,Weekday,4223.0,274.0,74.0,16148.0,25.92,No Event,No Event,No Event,0.0,0.0,0,0,27.85
2025-07-02,Kozani,Center,Weekday,4377.0,291.0,74.9,18334.0,28.19,Center,Cultural,July Cultural,388.0,0.0,0,0,25.46
2025-07-03,Kozani,Waterfront,Weekday,4224.0,216.0,68.4,16208.0,25.78,No Event,No Event,No Event,0.0,0.0,0,0,27.39
2025-07-04,Kozani,Center,Weekday,3891.0,252.0,75.8,16882.0,26.85,No Event,No Event,No Event,0.0,0.0,0,0,24.54
2025-07-05,Kozani,Center,Weekend,2952.0,257.0,68.5,11629.0,20.02,No Event,No Event,No Event,0.0,0.0,0,1,27.59
2025-07-06,Kozani,Center,Weekend,3263.0,293.0,82.5,15234.0,25.28,Center,Festival,July Festival,3087.0,3783.0,0,1,23.34
2025-07-07,Kozani,Center,Weekday,3994.0,268.0,61.4,17478.0,25.58,No Event,No Event,No Event,0.0,0.0,0,0,24.38
2025-07-08,Kozani,University,Weekday,3992.0,266.0,70.0,16902.0,26.1,No Event,No Event,No Event,0.0,0.0,0,0,25.19
2025-07-09,Kozani,Center,Weekday,4008.0,238.0,64.8,16240.0,25.03,No Event,No Event,No Event,0.0,0.0,0,0,26.14
2025-07-10,Kozani,University,Weekday,4213.0,237.0,69.3,17071.0,26.57,No Event,No Event,No Event,0.0,0.0,0,0,26.07
2025-07-11,Kozani,University,Weekday,4174.0,251.0,71.0,16895.0,26.47,No Event,No Event,No Event,0.0,0.0,0,0,26.19
2025-07-12,Kozani,Center,Weekend,3250.0,204.0,65.0,12607.0,21.2,No Event,No Event,No Event,0.0,0.0,0,1,27.4
2025-07-13,Kozani,West District,Weekend,3314.0,265.0,73.8,12806.0,22.03,West District,Concert,July Concert,2664.0,3249.0,0,1,27.95
2025-07-14,Kozani,Center,Weekday,3882.0,272.0,75.3,16283.0,26.01,No Event,No Event,No Event,0.0,0.0,0,0,25.51
2025-07-15,Kozani,University,Weekday,4031.0,245.0,78.6,17428.0,27.9,University,Sports,July Sports,1822.0,2869.0,0,0,24.53
2025-07-16,Kozani,Waterfront,Weekday,4004.0,255.0,67.1,16259.0,25.19,No Event,No Event,No Event,0.0,0.0,0,0,26.19
2025-07-17,Kozani,University,Weekday,4060.0,225.0,69.3,16463.0,25.96,No Event,No Event,No Event,0.0,0.0,0,0,26.03
2025-07-18,Kozani,Center,Weekday,3711.0,259.0,69.1,16593.0,25.55,No Event,No Event,No Event,0.0,0.0,0,0,23.92
2025-07-19,Kozani,University,Weekend,3054.0,248.0,74.2,13967.0,23.2,University,Festival,July Festival,2608.0,3796.0,0,1,23.64
2025-07-20,Kozani,Center,Weekend,3294.0,240.0,63.2,11299.0,19.39,No Event,No Event,No Event,0.0,0.0,0,1,31.27
2025-07-21,Kozani,Waterfront,Weekday,4276.0,257.0,77.6,17824.0,28.23,Waterfront,Sports,July Sports,0.0,3617.0,0,0,25.43
2025-07-22,Kozani,Center,Weekday,4186.0,267.0,67.7,15858.0,24.88,No Event,No Event,No Event,0.0,0.0,0,0,28.08
2025-07-23,Kozani,Center,Weekday,4056.0,260.0,67.1,16848.0,25.77,No Event,No Event,No Event,0.0,0.0,0,0,25.62
2025-07-24,Kozani,Center,Weekday,4330.0,266.0,84.9,17524.0,28.8,Center,Sports,July Sports,1721.0,2960.0,0,0,26.23
2025-07-25,Kozani,West District,Weekday,3797.0,265.0,68.0,17086.0,25.9,No Event,No Event,No Event,0.0,0.0,0,0,23.77
2025-07-26,Kozani,Waterfront,Weekend,3091.0,236.0,82.7,12043.0,22.48,Waterfront,Concert,July Concert,2222.0,3124.0,0,1,27.62
2025-07-27,Kozani,West District,Weekend,3095.0,204.0,73.3,10724.0,20.25,No Event,No Event,No Event,0.0,0.0,0,1,30.76
2025-07-28,Kozani,West District,Weekday,3973.0,239.0,74.5,16307.0,26.28,No Event,No Event,No Event,0.0,0.0,0,0,25.83
2025-07-29,Kozani,Center,Weekday,3838.0,189.0,72.8,15754.0,25.83,No Event,No Event,No Event,0.0,0.0,0,0,25.56
2025-07-30,Kozani,University,Weekday,3855.0,233.0,76.8,17515.0,27.75,University,Conference,July Conference,1119.0,1594.0,0,0,23.34
2025-07-31,Kozani,University,Weekday,3830.0,270.0,68.1,16493.0,25.3,University,Cultural,July Cultural,549.0,0.0,0,0,24.86
2025-08-01,Kozani,University,Weekday,3788.0,251.0,71.6,15788.0,25.18,No Event,No Event,No Event,0.0,0.0,0,0,25.58
2025-08-02,Kozani,Center,Weekend,3193.0,304.0,79.1,14865.0,24.35,Center,Concert,August Concert,0.0,4184.0,0,1,23.52
2025-08-03,Kozani,West District,Weekend,3494.0,314.0,80.7,13504.0,23.31,West District,Concert,August Concert,3712.0,4688.0,0,1,28.2
2025-08-04,Kozani,Center,Weekday,3717.0,237.0,69.9,15890.0,25.13,Center,Conference,August Conference,353.0,467.0,0,0,24.88
2025-08-05,Kozani,West District,Weekday,4053.0,284.0,79.6,17123.0,27.41,West District,Sports,August Sports,1981.0,3328.0,0,0,25.33
2025-08-06,Kozani,Waterfront,Weekday,4011.0,225.0,68.8,16477.0,25.87,No Event,No Event,No Event,0.0,0.0,0,0,25.71
2025-08-07,Kozani,Center,Weekday,3850.0,191.0,66.8,16376.0,25.7,No Event,No Event,No Event,0.0,0.0,0,0,24.67
2025-08-08,Kozani,Center,Weekday,4041.0,237.0,66.8,16150.0,25.22,No Event,No Event,No Event,0.0,0.0,0,0,26.49
2025-08-09,Kozani,West District,Weekend,2719.0,243.0,70.7,11408.0,20.04,West District,Market,August Market,842.0,1090.0,0,1,25.96
2025-08-10,Kozani,University,Weekend,2694.0,239.0,64.4,11484.0,19.33,No Event,No Event,No Event,0.0,0.0,0,1,25.54
2025-08-11,Kozani,Waterfront,Weekday,3785.0,219.0,70.4,16096.0,24.45,No Event,No Event,No Event,0.0,0.0,0,0,24.87
2025-08-12,Kozani,Waterfront,Weekday,3786.0,261.0,69.4,15132.0,24.16,No Event,No Event,No Event,0.0,0.0,0,0,26.74
2025-08-13,Kozani,West District,Weekday,4010.0,281.0,74.4,15086.0,24.73,No Event,No Event,No Event,0.0,0.0,0,0,28.44
2025-08-14,Kozani,University,Weekday,3749.0,221.0,62.9,15460.0,23.98,No Event,No Event,No Event,0.0,0.0,0,0,25.68
2025-08-15,Kozani,Center,Weekday,3189.0,264.0,65.1,13084.0,21.15,Center,Conference,August Conference,0.0,1232.0,1,0,26.39
2025-08-16,Kozani,Waterfront,Weekend,3293.0,296.0,93.0,15268.0,26.62,Waterfront,Festival,August Festival,4087.0,0.0,0,1,23.51
2025-08-17,Kozani,Center,Weekend,2974.0,271.0,75.4,12344.0,21.5,Center,Market,August Market,0.0,687.0,0,1,26.29
2025-08-18,Kozani,Waterfront,Weekday,3756.0,240.0,63.5,16317.0,24.76,No Event,No Event,No Event,0.0,0.0,0,0,24.49
2025-08-19,Kozani,Center,Weekday,3717.0,243.0,67.2,15751.0,24.6,No Event,No Event,No Event,0.0,0.0,0,0,25.14
2025-08-20,Kozani,University,Weekday,3856.0,253.0,76.6,15576.0,25.61,No Event,No Event,No Event,0.0,0.0,0,0,26.38
2025-08-21,Kozani,West District,Weekday,3739.0,243.0,69.0,15153.0,24.24,No Event,No Event,No Event,0.0,0.0,0,0,26.28
2025-08-22,Kozani,Center,Weekday,3770.0,280.0,65.5,15367.0,23.73,No Event,No Event,No Event,0.0,0.0,0,0,26.35
2025-08-23,Kozani,West District,Weekend,2856.0,270.0,70.0,12564.0,21.03,West District,Market,August Market,685.0,803.0,0,1,24.88
2025-08-24,Kozani,University,Weekend,2887.0,216.0,71.9,9936.0,19.04,No Event,No Event,No Event,0.0,0.0,0,1,31.23
2025-08-25,Kozani,Center,Weekday,3923.0,240.0,76.8,15589.0,25.81,Center,Cultural,August Cultural,671.0,860.0,0,0,26.7
2025-08-26,Kozani,Center,Weekday,3697.0,236.0,74.7,15263.0,25.1,No Event,No Event,No Event,0.0,0.0,0,0,25.77
2025-08-27,Kozani,Waterfront,Weekday,4394.0,274.0,66.1,16259.0,25.17,No Event,No Event,No Event,0.0,0.0,0,0,28.71
2025-08-28,Kozani,Waterfront,Weekday,3693.0,230.0,68.6,15893.0,25.02,No Event,No Event,No Event,0.0,0.0,0,0,24.68
2025-08-29,Kozani,Center,Weekday,4332.0,260.0,66.2,15120.0,24.12,No Event,No Event,No Event,0.0,0.0,0,0,30.37
2025-08-30,Kozani,West District,Weekend,2753.0,255.0,77.2,11963.0,21.32,West District,Market,August Market,497.0,820.0,0,1,25.14
2025-08-31,Kozani,Waterfront,Weekend,3147.0,237.0,79.9,11567.0,21.68,Waterfront,Festival,August Festival,1641.0,2503.0,0,1,29.25
2025-09-01,Kozani,University,Weekday,4007.0,273.0,78.8,16425.0,26.67,No Event,No Event,No Event,0.0,0.0,0,0,26.06
2025-09-02,Kozani,University,Weekday,4162.0,199.0,67.5,15343.0,24.89,No Event,No Event,No Event,0.0,0.0,0,0,28.42
2025-09-03,Kozani,Waterfront,Weekday,4388.0,209.0,70.5,15737.0,25.74,No Event,No Event,No Event,0.0,0.0,0,0,29.21
2025-09-04,Kozani,Waterfront,Weekday,4138.0,249.0,66.7,15483.0,24.51,No Event,No Event,No Event,0.0,0.0,0,0,28.33
2025-09-05,Kozani,University,Weekday,4287.0,279.0,65.8,15601.0,24.36,No Event,No Event,No Event,0.0,0.0,0,0,29.27
2025-09-06,Kozani,University,Weekend,2865.0,254.0,77.3,11284.0,20.75,No Event,No Event,No Event,0.0,0.0,0,1,27.64
2025-09-07,Kozani,University,Weekend,3138.0,202.0,72.7,11845.0,21.35,No Event,No Event,No Event,0.0,0.0,0,1,28.2
2025-09-08,Kozani,Center,Weekday,4149.0,236.0,67.4,16608.0,25.36,No Event,No Event,No Event,0.0,0.0,0,0,26.4
2025-09-09,Kozani,Center,Weekday,3862.0,285.0,73.5,17618.0,27.01,Center,Sports,September Sports,2312.0,3531.0,0,0,23.54
2025-09-10,Kozani,Center,Weekday,4263.0,238.0,68.7,15459.0,24.91,Center,Conference,September Conference,578.0,620.0,0,0,29.11
2025-09-11,Kozani,Center,Weekday,4119.0,210.0,73.1,14127.0,24.26,No Event,No Event,No Event,0.0,0.0,0,0,30.64
2025-09-12,Kozani,University,Weekday,4115.0,236.0,75.8,15251.0,25.5,No Event,No Event,No Event,0.0,0.0,0,0,28.53
2025-09-13,Kozani,Center,Weekend,3057.0,236.0,72.9,12213.0,21.41,No Event,No Event,No Event,0.0,0.0,0,1,26.96
2025-09-14,Kozani,Center,Weekend,2774.0,226.0,70.1,11758.0,20.49,No Event,No Event,No Event,0.0,0.0,0,1,25.51
2025-09-15,Kozani,University,Weekday,3918.0,270.0,77.4,16040.0,26.18,University,Market,September Market,998.0,1389.0,0,0,26.11
2025-09-16,Kozani,Center,Weekday,3998.0,244.0,70.4,14973.0,25.19,No Event,No Event,No Event,0.0,0.0,0,0,28.33
2025-09-17,Kozani,University,Weekday,4008.0,219.0,69.1,15532.0,25.01,No Event,No Event,No Event,0.0,0.0,0,0,27.21
2025-09-18,Kozani,Center,Weekday,4212.0,233.0,69.3,15202.0,24.73,No Event,No Event,No Event,0.0,0.0,0,0,29.24
2025-09-19,Kozani,Waterfront,Weekday,3950.0,243.0,66.3,15204.0,24.1,No Event,No Event,No Event,0.0,0.0,0,0,27.58
2025-09-20,Kozani,West District,Weekend,2790.0,236.0,68.8,11143.0,19.63,No Event,No Event,No Event,0.0,0.0,0,1,27.15
2025-09-21,Kozani,University,Weekend,3025.0,270.0,71.8,11396.0,20.46,No Event,No Event,No Event,0.0,0.0,0,1,28.91
2025-09-22,Kozani,Center,Weekday,4123.0,265.0,70.0,15969.0,25.26,No Event,No Event,No Event,0.0,0.0,0,0,27.48
2025-09-23,Kozani,Center,Weekday,4204.0,230.0,71.7,16081.0,25.93,No Event,No Event,No Event,0.0,0.0,0,0,27.57
2025-09-24,Kozani,Waterfront,Weekday,3880.0,244.0,68.5,15285.0,24.4,No Event,No Event,No Event,0.0,0.0,0,0,26.98
2025-09-25,Kozani,Waterfront,Weekday,4342.0,238.0,72.1,16053.0,25.97,No Event,No Event,No Event,0.0,0.0,0,0,28.53
2025-09-26,Kozani,University,Weekday,4202.0,197.0,75.5,15519.0,26.11,No Event,No Event,No Event,0.0,0.0,0,0,28.34
2025-09-27,Kozani,Waterfront,Weekend,3003.0,188.0,67.8,12224.0,21.13,No Event,No Event,No Event,0.0,0.0,0,1,26.1
2025-09-28,Kozani,Center,Weekend,3126.0,269.0,82.9,12714.0,22.92,Center,Concert,September Concert,2031.0,2148.0,0,1,26.7
2025-09-29,Kozani,University,Weekday,4162.0,263.0,62.3,15551.0,23.93,No Event,No Event,No Event,0.0,0.0,0,0,28.45
2025-09-30,Kozani,Waterfront,Weekday,4149.0,241.0,71.0,15520.0,25.16,No Event,No Event,No Event,0.0,0.0,0,0,28.28
2025-10-01,Kozani,University,Weekday,3531.0,220.0,71.0,15435.0,24.84,No Event,No Event,No Event,0.0,0.0,0,0,24.3
2025-10-02,Kozani,University,Weekday,3835.0,275.0,68.5,15792.0,24.63,No Event,No Event,No Event,0.0,0.0,0,0,26.02
2025-10-03,Kozani,University,Weekday,3691.0,231.0,69.2,15131.0,24.31,No Event,No Event,No Event,0.0,0.0,0,0,25.92
2025-10-04,Kozani,Center,Weekend,2467.0,253.0,67.6,12197.0,20.18,No Event,No Event,No Event,0.0,0.0,0,1,22.3
2025-10-05,Kozani,University,Weekend,2959.0,238.0,70.2,11859.0,20.63,University,Cultural,October Cultural,390.0,592.0,0,1,26.96
2025-10-06,Kozani,Waterfront,Weekday,3578.0,233.0,77.1,15812.0,25.9,No Event,No Event,No Event,0.0,0.0,0,0,24.1
2025-10-07,Kozani,Waterfront,Weekday,4393.0,256.0,65.0,15539.0,24.45,No Event,No Event,No Event,0.0,0.0,0,0,29.92
2025-10-08,Kozani,Center,Weekday,3604.0,274.0,72.2,16534.0,25.68,No Event,No Event,No Event,0.0,0.0,0,0,23.45
2025-10-09,Kozani,West District,Weekday,4114.0,257.0,66.6,15508.0,24.44,No Event,No Event,No Event,0.0,0.0,0,0,28.18
2025-10-10,Kozani,University,Weekday,3886.0,276.0,62.2,15540.0,23.61,No Event,No Event,No Event,0.0,0.0,0,0,26.78
2025-10-11,Kozani,Center,Weekend,3047.0,175.0,69.6,12372.0,21.64,No Event,No Event,No Event,0.0,0.0,0,1,26.04
2025-10-12,Kozani,Center,Weekend,2894.0,225.0,69.7,12289.0,21.06,No Event,No Event,No Event,0.0,0.0,0,1,25.38
2025-10-13,Kozani,Center,Weekday,3823.0,230.0,72.1,16280.0,25.92,No Event,No Event,No Event,0.0,0.0,0,0,24.89
2025-10-14,Kozani,Waterfront,Weekday,4284.0,255.0,76.7,17378.0,27.69,Waterfront,Conference,October Conference,1294.0,1527.0,0,0,26.12
2025-10-15,Kozani,Center,Weekday,4083.0,264.0,66.8,16347.0,25.21,No Event,No Event,No Event,0.0,0.0,0,0,26.59
2025-10-16,Kozani,University,Weekday,4313.0,268.0,70.4,16660.0,26.1,University,Sports,October Sports,1612.0,2723.0,0,0,27.5
2025-10-17,Kozani,Center,Weekday,4082.0,243.0,70.2,17834.0,27.31,Center,Conference,October Conference,439.0,558.0,0,0,24.25
2025-10-18,Kozani,Center,Weekend,3073.0,242.0,67.3,11567.0,20.01,Center,Market,October Market,526.0,938.0,0,1,28.66
2025-10-19,Kozani,Center,Weekend,2857.0,226.0,73.6,11982.0,21.19,No Event,No Event,No Event,0.0,0.0,0,1,25.73
2025-10-20,Kozani,West District,Weekday,4052.0,225.0,70.7,16623.0,26.29,No Event,No Event,No Event,0.0,0.0,0,0,25.73
2025-10-21,Kozani,Waterfront,Weekday,4194.0,254.0,82.1,18495.0,29.44,Waterfront,Sports,October Sports,0.0,2876.0,0,0,24.05
2025-10-22,Kozani,Waterfront,Weekday,3857.0,205.0,70.8,16788.0,26.5,No Event,No Event,No Event,0.0,0.0,0,0,24.19
2025-10-23,Kozani,University,Weekday,3921.0,220.0,63.6,16191.0,24.92,No Event,No Event,No Event,0.0,0.0,0,0,25.57
2025-10-24,Kozani,University,Weekday,4146.0,201.0,71.0,17271.0,27.24,No Event,No Event,No Event,0.0,0.0,0,0,25.17
2025-10-25,Kozani,Center,Weekend,4166.5,235.0,77.3,12230.0,21.93,Center,Market,October Market,665.0,1016.0,0,1,35.99
2025-10-26,Kozani,Waterfront,Weekend,3234.0,197.0,63.1,12420.0,20.82,No Event,No Event,No Event,0.0,0.0,0,1,27.62
2025-10-27,Kozani,Center,Weekday,4142.0,232.0,64.5,15887.0,24.77,No Event,No Event,No Event,0.0,0.0,0,0,27.53
2025-10-28,Kozani,Waterfront,Weekday,4166.5,251.0,64.0,13563.0,21.55,No Event,No Event,No Event,0.0,0.0,1,0,32.57
2025-10-29,Kozani,Center,Weekday,3921.0,255.0,73.2,17308.0,26.95,No Event,No Event,No Event,0.0,0.0,0,0,24.13
2025-10-30,Kozani,University,Weekday,4132.0,270.0,66.7,16242.0,25.09,University,Conference,October Conference,480.0,526.0,0,0,27.1
2025-10-31,Kozani,Center,Weekday,4258.0,249.0,76.3,17031.0,27.33,No Event,No Event,No Event,0.0,0.0,0,0,26.46
2025-11-01,Kozani,Waterfront,Weekend,3291.0,283.0,82.7,14696.0,24.87,Waterfront,Concert,November Concert,3880.0,4223.0,0,1,24.32
2025-11-02,Kozani,University,Weekend,3010.0,226.0,76.1,11875.0,21.51,No Event,No Event,No Event,0.0,0.0,0,1,27.25
2025-11-03,Kozani,Center,Weekday,4402.0,246.0,70.4,18096.0,27.78,No Event,No Event,No Event,0.0,0.0,0,0,25.68
2025-11-04,Kozani,Center,Weekday,4308.0,208.0,68.9,16991.0,26.73,No Event,No Event,No Event,0.0,0.0,0,0,26.58
2025-11-05,Kozani,Waterfront,Weekday,4048.0,239.0,72.6,16529.0,26.31,No Event,No Event,No Event,0.0,0.0,0,0,25.93
2025-11-06,Kozani,Center,Weekday,4235.0,248.0,62.4,16252.0,24.82,No Event,No Event,No Event,0.0,0.0,0,0,27.58
2025-11-07,Kozani,Center,Weekday,4036.0,255.0,76.3,16629.0,26.74,No Event,No Event,No Event,0.0,0.0,0,0,25.8
2025-11-08,Kozani,University,Weekend,2744.0,201.0,78.0,13730.0,23.63,University,Sports,November Sports,1734.0,2123.0,0,1,21.45
2025-11-09,Kozani,Waterfront,Weekend,3407.0,263.0,80.7,15309.0,25.48,Waterfront,Concert,November Concert,1891.0,2490.0,0,1,23.97
2025-11-10,Kozani,Center,Weekday,4253.0,237.0,72.4,17702.0,27.61,Center,Cultural,November Cultural,391.0,487.0,0,0,25.36
2025-11-11,Kozani,Waterfront,Weekday,4253.0,211.0,75.5,16261.0,26.77,No Event,No Event,No Event,0.0,0.0,0,0,27.45
2025-11-12,Kozani,University,Weekday,4056.0,232.0,73.8,17535.0,27.54,No Event,No Event,No Event,0.0,0.0,0,0,24.45
2025-11-13,Kozani,West District,Weekday,4417.0,266.0,64.7,17085.0,25.9,No Event,No Event,No Event,0.0,0.0,0,0,27.41
2025-11-14,Kozani,Center,Weekday,4137.0,264.0,72.9,15312.0,24.98,No Event,No Event,No Event,0.0,0.0,0,0,28.74
2025-11-15,Kozani,University,Weekend,2770.0,250.0,71.3,14138.0,22.81,University,Market,November Market,636.0,959.0,0,1,21.36
2025-11-16,Kozani,Center,Weekend,3068.0,236.0,74.2,13095.0,22.46,No Event,No Event,No Event,0.0,0.0,0,1,25.23
2025-11-17,Kozani,University,Weekday,4353.0,247.0,68.5,18256.0,27.66,No Event,No Event,No Event,0.0,0.0,0,0,25.2
2025-11-18,Kozani,West District,Weekday,4273.0,234.0,79.5,17675.0,28.51,West District,Conference,November Conference,888.0,996.0,0,0,25.5
2025-11-19,Kozani,Waterfront,Weekday,4183.0,244.0,71.3,17386.0,27.06,No Event,No Event,No Event,0.0,0.0,0,0,25.46
2025-11-20,Kozani,Waterfront,Weekday,4427.0,257.0,69.6,17253.0,26.77,No Event,No Event,No Event,0.0,0.0,0,0,27.15
2025-11-21,Kozani,University,Weekday,4546.0,224.0,72.4,17518.0,27.73,No Event,No Event,No Event,0.0,0.0,0,0,27.23
2025-11-22,Kozani,University,Weekend,2998.0,208.0,71.3,13346.0,22.52,No Event,No Event,No Event,0.0,0.0,0,1,24.02
2025-11-23,Kozani,University,Weekend,2895.0,205.0,68.6,11627.0,20.42,University,Market,November Market,416.0,672.0,0,1,26.66
2025-11-24,Kozani,Center,Weekday,4182.0,226.0,69.9,18435.0,28.07,Center,Cultural,November Cultural,265.0,461.0,0,0,23.91
2025-11-25,Kozani,Center,Weekday,4466.0,274.0,71.3,16569.0,26.18,No Event,No Event,No Event,0.0,0.0,0,0,28.61
2025-11-26,Kozani,University,Weekday,4545.0,227.0,65.1,17141.0,26.41,No Event,No Event,No Event,0.0,0.0,0,0,27.84
2025-11-27,Kozani,Center,Weekday,4166.5,270.0,67.4,17252.0,26.32,No Event,No Event,No Event,0.0,0.0,0,0,25.71
2025-11-28,Kozani,Center,Weekday,4243.0,221.0,70.1,17589.0,27.34,No Event,No Event,No Event,0.0,0.0,0,0,25.38
2025-11-29,Kozani,Center,Weekend,2976.0,257.0,73.6,13248.0,22.29,No Event,No Event,No Event,0.0,0.0,0,1,24.4
2025-11-30,Kozani,University,Weekend,3315.0,237.0,79.2,13794.0,23.93,University,Sports,November Sports,1435.0,2095.0,0,1,25.75
2025-12-01,Kozani,Waterfront,Weekday,4220.0,270.0,69.6,17035.0,26.6,No Event,No Event,No Event,0.0,0.0,0,0,26.36
2025-12-02,Kozani,University,Weekday,4871.0,239.0,73.6,18003.0,28.46,University,Cultural,December Cultural,1022.0,1322.0,0,0,28.38
2025-12-03,Kozani,University,Weekday,4620.0,239.0,69.5,18942.0,28.72,No Event,No Event,No Event,0.0,0.0,0,0,25.65
2025-12-04,Kozani,University,Weekday,4379.0,207.0,68.2,17760.0,27.48,No Event,No Event,No Event,0.0,0.0,0,0,25.82
2025-12-05,Kozani,West District,Weekday,4786.0,247.0,77.7,18901.0,29.74,West District,Conference,December Conference,1048.0,1347.0,0,0,26.63
2025-12-06,Kozani,Center,Weekend,3255.0,223.0,66.6,11786.0,20.42,No Event,No Event,No Event,0.0,0.0,0,1,29.51
2025-12-07,Kozani,Waterfront,Weekend,3481.0,276.0,75.3,13851.0,23.28,Waterfront,Concert,December Concert,2097.0,2871.0,0,1,27.12
2025-12-08,Kozani,Center,Weekday,4700.0,271.0,75.7,18523.0,28.85,Center,Market,December Market,1052.0,1328.0,0,0,26.84
2025-12-09,Kozani,Waterfront,Weekday,4542.0,248.0,70.8,17290.0,27.1,No Event,No Event,No Event,0.0,0.0,0,0,27.7
2025-12-10,Kozani,Center,Weekday,4435.0,285.0,66.3,19967.0,28.84,Center,Conference,December Conference,719.0,877.0,0,0,23.64
2025-12-11,Kozani,University,Weekday,4194.0,249.0,66.6,17834.0,26.88,No Event,No Event,No Event,0.0,0.0,0,0,24.91
2025-12-12,Kozani,West District,Weekday,4548.0,261.0,74.8,18801.0,29.0,No Event,No Event,No Event,0.0,0.0,0,0,25.58
2025-12-13,Kozani,West District,Weekend,3273.0,230.0,65.3,13630.0,22.05,No Event,No Event,No Event,0.0,0.0,0,1,25.7
2025-12-14,Kozani,Center,Weekend,3038.0,204.0,71.3,14900.0,24.14,No Event,No Event,No Event,0.0,0.0,0,1,21.76
2025-12-15,Kozani,Waterfront,Weekday,4672.0,254.0,68.8,18359.0,27.96,No Event,No Event,No Event,0.0,0.0,0,0,26.83
2025-12-16,Kozani,West District,Weekday,4329.0,282.0,72.8,16852.0,26.49,No Event,No Event,No Event,0.0,0.0,0,0,27.36
2025-12-17,Kozani,Waterfront,Weekday,4427.0,222.0,64.9,17970.0,27.19,No Event,No Event,No Event,0.0,0.0,0,0,25.87
2025-12-18,Kozani,Center,Weekday,4583.0,264.0,72.2,18286.0,28.17,No Event,No Event,No Event,0.0,0.0,0,0,26.51
2025-12-19,Kozani,Center,Weekday,4166.5,238.0,73.2,19433.0,29.96,Center,Conference,December Conference,1396.0,1574.0,0,0,22.66
2025-12-20,Kozani,University,Weekend,3271.0,262.0,76.4,13879.0,23.42,No Event,No Event,No Event,0.0,0.0,0,1,25.45
2025-12-21,Kozani,West District,Weekend,3820.0,270.0,70.4,15179.0,26.3,West District,Concert,December Concert,3174.0,4564.0,0,1,26.94
2025-12-22,Kozani,West District,Weekday,4672.0,235.0,70.1,19388.0,29.3,No Event,No Event,No Event,0.0,0.0,0,0,25.31
2025-12-23,Kozani,University,Weekday,4688.0,216.0,60.5,19584.0,28.47,No Event,No Event,No Event,0.0,0.0,0,0,25.04
2025-12-24,Kozani,University,Weekday,4824.0,254.0,67.8,18728.0,28.3,No Event,No Event,No Event,0.0,0.0,0,0,27.11
2025-12-25,Kozani,Center,Weekday,3649.0,265.0,68.1,14835.0,23.56,Center,Sports,December Sports,1222.0,1558.0,1,0,26.38
2025-12-26,Kozani,Center,Weekday,3659.0,249.0,70.4,14370.0,21.87,Center,Market,December Market,1011.0,1717.0,1,0,27.19
2025-12-27,Kozani,Center,Weekend,3618.0,270.0,77.8,14130.0,23.96,Center,Sports,December Sports,1760.0,2520.0,0,1,27.51
2025-12-28,Kozani,University,Weekend,3205.0,222.0,68.0,13674.0,22.46,No Event,No Event,No Event,0.0,0.0,0,1,25.06
2025-12-29,Kozani,Center,Weekday,4732.0,222.0,69.3,19786.0,29.76,No Event,No Event,No Event,0.0,0.0,0,0,25.04
2025-12-30,Kozani,Center,Weekday,4481.0,243.0,68.0,18711.0,28.17,No Event,No Event,No Event,0.0,0.0,0,0,25.25
2025-12-31,Kozani,Center,Weekday,4929.0,247.0,73.1,18094.0,28.46,Center,Conference,December Conference,586.0,960.0,0,0,28.6
